Špageti Carbonara%%%Špageti Carbonara je klasično talijansko jelo koje spaja nekoliko jednostavnih, ali ukusnih sastojaka. Spaja špagete s kremastim umakom od jaja, pancete, parmezana i crnog papra. Iako ne zahtijeva mnogo vremena za pripremu, rezultira bogatim, savršenim okusom koji oduševljava ljubitelje talijanske kuhinje širom svijeta.%%%1500000%%%images/spaghetti.jpg%%%Ručak
Piletina Curry%%%Piletina Curry je popularno jelo iz indijske kuhinje, koje se priprema s piletinom u aromatičnom umaku od začina poput kurkume, kumin, korijandera, đumbira i garam masale. Umak je kremast i bogat, a jelo je često servirano uz rižu ili naan kruh. Piletina curry je savršen spoj pikantnosti i umirujuće kremaste teksture.%%%2400000%%%images/piletina_curry.jpg%%%Ručak
Govedina Stroganoff%%%Govedina Stroganoff je klasično rusko jelo koje se sastoji od govedine kuhanih u kremastom umaku od vrhnja, senfa, luka, gljiva i začina. Jelo je bogato, aromatično i često se servira uz tjesteninu, rižu ili pire krumpir. Poznato je po svojoj mekoj teksturi mesa i savršenoj ravnoteži okusa.%%%2100000%%%images/govedina_stroganoff.jpg%%%Ručak
Povrtni Wok%%%Povrtni Wok je lagano, zdravo jelo koje kombinira raznoliko povrće poput paprike, brokule, mrkve i luka, brzo prženo u wok tavi s umakom od soje i začinima. Jelo je puno okusa, hrskavo i idealno za lagani obrok ili prilog. Može se obogatiti dodacima poput tofua ili orašastih plodova.%%%900000%%%images/povrtni_wok.jpg%%%Ručak
Pizza Margarita%%%Klasična pizza s rajčicama, mozzarellom i svježim bosiljkom. Savršena ravnoteža između kiselkastih rajčica i kremaste mozzarelle, jednostavna, ali uvijek ukusna. Idealna za sve ljubitelje talijanske kuhinje.%%%1800000%%%images/pizza_margarita.jpg%%%Ručak
Losos Teriyaki%%%Grilani losos premazan slatko-slanim teriyaki umakom. Bogatog okusa, sočan i pun aroma, s blagim dodirom azijske kuhinje. Savršen izbor za ljubitelje ribe s bogatim, ali nježnim okusima.%%%1200000%%%images/losos_teriyaki.jpg%%%Ručak
Tacos s Govedinom%%%Sočni tacos s govedinom, svježom salatom, rastopljenim sirom i začinima. Svi okusi savršeno se stapaju u ovom jelu, donoseći eksploziju okusa u svakom zalogaju. Savršen izbor za brzi, ali ukusan obrok.%%%1500000%%%images/tacos_govedina.jpg%%%Ručak
Grčka Salata%%%Osvježavajuća salata s rajčicama, krastavcima, crnim maslinama, feta sirom i maslinovim uljem. Lagana i zdrava, idealna kao prilog ili samostalan obrok, pruža savršen okus Mediterana.%%%600000%%%images/grcka_salata.jpg%%%Ručak
Butter Chicken%%%Kremasti curry s piletinom u umaku od rajčice, začinjen sa začinima indijske kuhinje. Bogatog okusa, s glatkom teksturom umaka, savršeno se sljubljuje s rižom ili naan kruhom.%%%2700000%%%images/butter_chicken.jpg%%%Ručak
Juha od Leće%%%Kremasta juha od leće, povrća i začina, idealna za hladne dane. Bogata vlaknima i nutritivnim vrijednostima, savršen početak obroka.%%%1800000%%%images/juha_leca.jpg%%%Ručak
Paella%%%Španjolsko jelo s rižom, morskim plodovima i povrćem, obogaćeno šafranom. Raznolikost okusa i boja čini ovo jelo savršenim za sve ljubitelje mediteranske kuhinje.%%%3000000%%%images/paella.jpg%%%Ručak
Cezar Salata%%%Salata s rimskom salatom, hrskavim krutonima, parmezanom i Cezar dressingom. Lagana, ali hranjiva salata koja je odlična kao prilog ili glavni obrok.%%%900000%%%images/cezar_salata.jpg%%%Ručak
Piletina Alfredo%%%Tjestenina u kremastom Alfredo umaku s piletinom, začinjena začinima koji podižu bogatstvo okusa. Savršen obrok za ljubitelje kremastih jela.%%%1500000%%%images/piletina_alfredo.jpg%%%Ručak
Shakshuka%%%Jaja poširana u začinjenom umaku od rajčice, paprike i luka, začinjena cuminom, paprom i drugim začinima. Popularno jelo za doručak ili brunch, bogato okusima i savršeno uz kruh za umakanje.%%%1200000%%%images/shakshuka.jpg%%%Doručak
Povrtni Curry%%%Aromatični curry s miješanim povrćem, poput mrkve, tikvica i krumpira, obogaćen kokosovim mlijekom i začinima poput kurkume, garam masale i đumbira. Idealno za vegetarijance i ljubitelje začinjene hrane.%%%1800000%%%images/povrtni_curry.jpg%%%Ručak
Fish and Chips%%%Pržena riba u hrskavoj panadi, poslužena uz hrskavi pomfrit, uz umak od tartara. Klasično britansko jelo koje nudi savršen spoj okusa i tekstura, često se servira uz krišku limuna.%%%1200000%%%images/fish_chips.jpg%%%Ručak
Ramen%%%Japanska juha s rezancima, svinjetinom, povrćem i bogatim, aromatičnim temeljcem. Često obogaćena jajima, miso pastom i začinima, ramen je jedno od najpoznatijih jela japanske kuhinje.%%%2700000%%%images/ramen.jpg%%%Ručak
Falafel Wrap%%%Falafel od slanutka, začinjen začinima poput kuminom i korijandrom, umotan u pita kruh s povrćem, humusom i tahinijem. Ukusan, hranjiv obrok koji je idealan za ljubitelje vegetarijanske i mediteranske hrane.%%%900000%%%images/falafel_wrap.jpg%%%Ručak
BBQ Rebarca%%%Polako pečena rebarca sa savršeno karameliziranim BBQ umakom. Jelo bogatog okusa, s mesom koje se topi u ustima, idealno za ljubitelje roštilja i svih okusa dimljene hrane.%%%7200000%%%images/bbq_rebarca.jpg%%%Ručak
Palačinke%%%Mekane i pahuljaste palačinke, poslužene s tradicionalnim sirupom, ili po želji uz voće, šlag, čokoladu i orašaste plodove. Savršen početak dana ili užina za cijelu obitelj.%%%900000%%%images/palacinke.jpg%%%Doručak
Rižoto s Gljivama%%%Kremasti rižoto sa sočnim gljivama poput šampinjona i vrganja, začinjen maslacem, parmezanom i bijelim vinom. Ovaj talijanski klasik pruža bogatstvo okusa s jednostavnim, ali sofisticiranim sastojcima.%%%2100000%%%images/rizoto_gljive.jpg%%%Ručak
Tuna Salata%%%Lagani obrok s tunom, svježim povrćem poput rajčica, krastavaca, paprike i zelene salate, začinjeno laganim dresingom. Zdrav, osvježavajući i bogat omega-3 masnim kiselinama.%%%600000%%%images/tuna_salata.jpg%%%Ručak
Ćufte u Umaku%%%Sočne i začinjene ćufte, pripremljene od mljevenog mesa i začina, kuhane u bogatom rajčica umaku. Idealno jelo za ljubitelje tradicionalnih kuhinja s talijanskim ili balkanskim utjecajem.%%%2700000%%%images/cufte_umak.jpg%%%Ručak
Punjene Paprike%%%Slasne paprike punjene mješavinom mesa, riže i začina, pečene do savršene mekoće. Ovaj klasik je bogat u okusu, hranjiv i zasitan obrok, savršen za obiteljske ručkove.%%%3000000%%%images/punjene_paprike.jpg%%%Ručak
Pohana Piletina%%%Hrskava i zlatna pohana piletina, uvaljena u brašno, jaje i krušne mrvice, pržena do savršene hrskavosti. Popularno jelo koje je savršen obrok za ljubitelje mesa i brze hrane.%%%1200000%%%images/pohana_piletina.jpg%%%Ručak
Bolognese%%%Klasična talijanska tjestenina s bogatim mesnim umakom napravljenim od mljevenog mesa, rajčica, začina i crnog vina. Savršen obrok za ljubitelje talijanske kuhinje, bogatog okusa i teksture.%%%1800000%%%images/bolognese.jpg%%%Ručak
Mediteranska Salata%%%Svježa i lagana salata sa zrelim rajčicama, maslinama, fetom i maslinovim uljem, začinjena sa začinskim biljem poput origana. Idealna za ljeto ili kao prilog uz glavno jelo.%%%900000%%%images/mediteranska_salata.jpg%%%Ručak
Sarma%%%Tradicionalno jelo od kiselog kupusa punjenog mesom, rižom i začinima, kuhano polako dok ne postane mekano i sočno. Popularno u mnogim istočnoeuropskim kuhinjama, savršen obrok za hladnije dane.%%%7200000%%%images/sarma.jpg%%%Ručak
Musaka%%%Složenac od krumpira, mljevenog mesa i bešamela, pečen do savršene zlatne boje. Bogatog okusa, ovaj jelo je jedan od najpoznatijih predstavnika balkanske kuhinje.%%%3600000%%%images/musaka.jpg%%%Ručak
Pita od Jabuka%%%Tradicionalna pita napravljena od svježih jabuka, začinjena cimetom i pečena u hrskavoj kore. Savršeno slatka i aromatična, idealna za hladne dane ili kao desert uz kavu.%%%3000000%%%images/pita_jabuka.jpg%%%Desert
Krem Juha od Bundeve%%%Kremasta juha pripremljena od pečene bundeve, začinjena muskatnim oraščićem, cimetom i đumbirom. Lagan i ukusan obrok, savršen za jesenje i zimske dane.%%%1500000%%%images/juha_bundeva.jpg%%%Ručak
Tjestenina s Pesto Umakom%%%Svježa tjestenina poslužena s domaćim pesto umakom od bosiljka, maslinovog ulja, pinjola i parmezana. Ovaj jednostavan, ali ukusan obrok je klasik talijanske kuhinje.%%%1200000%%%images/tjestenina_pesto.jpg%%%Ručak
Lazanje%%%Slojevito jelo s bogatim mesnim umakom, tjesteninom, bešamel umakom i topljenim sirom, pečeno do zlatne boje. Savršen spoj okusa, idealno za obiteljske ručkove.%%%3600000%%%images/lazanje.jpg%%%Ručak
Gratinirani Krumpir%%%Tanki slojevi krumpira pečeni u kremastom umaku s dodatkom sira. Hrskavi na vrhu, a mekani i kremasti iznutra. Idealno kao prilog uz mesna jela.%%%2700000%%%images/gratinirani_krumpir.jpg%%%Prilog
Bruschetta%%%Svježi kruh premazan s aromatičnim rajčicama, češnjakom, bosiljkom i maslinovim uljem. Savršen predjelo, jednostavno i ukusno.%%%600000%%%images/bruschetta.jpg%%%Predjelo
Piletina Tikka Masala%%%Pikantno, ali kremasto jelo od piletine kuhan u bogatom indijskom umaku od rajčica i začina, posluženo s rižom ili naan kruhom. Klasično jelo indijske kuhinje.%%%3000000%%%images/tikka_masala.jpg%%%Ručak
Palenta s Gljivama%%%Palenta poslužena s bogatim i kremastim umakom od gljiva, začinjena biljem i začinima. Lagan, ali ukusan prilog koji se savršeno slaže uz mesna jela i pruža osjećaj domaće kuhinje.%%%1800000%%%images/palenta_gljive.jpg%%%Prilog
Palačinke s Nutellom%%%Mekane i sočne palačinke, punjene bogatom Nutellom koja se topi u svakom zalogaju. Savršen desert za ljubitelje čokolade, jednostavan, ali zadovoljavajući obrok koji je idealan za uživanje.%%%900000%%%images/palacinke_nutella.jpg%%%Desert
Rižoto s Plodovima Mora%%%Kremasti rižoto s kozicama, lignjama i dagnjama, pripremljen u aromatičnom umaku sa bijelim vinom i svježim biljem. Bogat okus mora i savršen balans tekstura, ovo je jelo za istinske ljubitelje plodova mora.%%%2400000%%%images/rizoto_plodovi_mora.jpg%%%Ručak
Biftek s Povrćem%%%Sočan biftek savršeno pečen do željene razine, poslužen uz bogat i raznolik prilog od povrća, bogato začinjen i pečen do zlatne boje. Kombinacija mesa i povrća koja zadovoljava sve gurmanske apetite.%%%1800000%%%images/biftek.jpg%%%Ručak
Gratinirane Tikvice%%%Tikvice pečene s kremastim umakom od vrhnja i sira, zatim zapečene do zlatne boje. Ukusan prilog koji je savršena kombinacija svježine povrća i bogatstva sira, idealan uz mesna ili riblja jela.%%%1200000%%%images/gratinirane_tikvice.jpg%%%Prilog
Baklava%%%Slastan desert od tankih slojeva tijesta, punjen orahima i preliven bogatim sirupom. Tradicionalna slastica koja se topi u ustima i pruža neponovljiv užitak. Jedan od najomiljenijih deserata u svijetu.%%%3600000%%%images/baklava.jpg%%%Desert
Čokoladni Kolač%%%Sočan i bogat kolač od tamne čokolade, sa slojevima koji se tope u ustima. Savršen za ljubitelje čokolade, s dekadentnom teksturom i intenzivnim okusom koji zadovoljava i najzahtjevnije sladokusce.%%%2400000%%%images/cokoladni_kolac.jpg%%%Desert
Gulaš%%%Dinstano jelo s govedinom, povrćem i začinima, polako kuhano do savršenstva. Ukusan i bogat okus koji će vas ugrijati u hladnim danima, idealno za obiteljske ručkove ili posebne prigode.%%%5400000%%%images/gulas.jpg%%%Ručak
Punjene Tikvice%%%Tikvice punjene mljevenim mesom, povrćem i začinima, zatim pečene do savršene zlatne boje. Lagano, ali zasitno jelo koje spaja svježinu povrća i bogatstvo mesa, odličan odabir za ljubitelje obiteljskih obroka.%%%2100000%%%images/punjene_tikvice.jpg%%%Ručak
Povrtna Musaka%%%Složenac od povrća, krumpira i začina, pečen do savršene zlatne boje. Lagano i zasitno jelo koje je pravo čudo okusa, a povrće i krumpir u savršenoj harmoniji. Idealno za ljubitelje vegetarijanske kuhinje.%%%3000000%%%images/povrtna_musaka.jpg%%%Ručak
Juha od Rajčice%%%Lagana i svježa juha od zrelih rajčica, obogaćena aromatičnim biljem i maslinovim uljem. Ukusna, jednostavna i hranjiva juha koja je savršen početak svakog obroka, uz nježnu teksturu i pun okus.%%%1200000%%%images/juha_rajcica.jpg%%%Ručak
Quesadilla%%%Tortilja punjena rastopljenim sirom, povrćem i začinima, prepržena do savršene hrskavosti. Ovaj popularni Tex-Mex obrok savršen je za ljubitelje začinjenih okusa i topljenog sira, jednostavan, ali uvijek ukusan.%%%900000%%%images/quesadilla.jpg%%%Ručak
Čobanac%%%Tradicionalno jelo od mesa, povrća i začina, kuhano polako do bogatog i punog okusa. Zasitno jelo koje spaja ljubitelje mesa i povrća u savršenoj kombinaciji. Idealno za obiteljske ručkove i hladnije dane.%%%7200000%%%images/cobanac.jpg%%%Ručak
Kroketi%%%Hrskavi vanjski sloj koji skriva mekan i kremast unutrašnji dio od krumpira. Savršen kao prilog ili samostalan snack, kroketi su omiljeni zbog svoje teksture i okusa, uvijek savršeni za uživanje u svakom zalogaju.%%%1800000%%%images/kroketi.jpg%%%Prilog