pripremom%%%Prvi korak u pripremi Špageta Carbonara je priprema svih sastojaka. Uključuje rezanje pancete ili slanine na male komadiće te pripremu tjestenine, koja se kuha u slanoj vodi dok ne postigne al dente teksturu. U međuvremenu, u zasebnoj zdjeli pomiješajte jaja, parmezan i crni papar. Ovaj miks stvara osnovu za bogat umak. Pripremite sve sastojke, tako da budete spremni za kuhanje, jer je važno da sve ide brzo kad se tjestenina skuha, kako bi umak bio kremast i ne bi se stvrdnuo.%%%1%%%500000%%%images/špageti_carbonara_stage1.jpg%%%1
kuhanjem%%%Drugi korak je kuhanje pancete ili slanine na srednje jakoj vatri u tavi dok ne postane hrskava. Ovaj korak daje specifičan dimljeni okus koji je karakterističan za Carbonaru. Kad panceta postane hrskava, dodajte skuhane špagete direktno u tavu, koristeći malo vode u kojoj se kuhala tjestenina za razrijediti umak i dodati mu glatku teksturu. Uklonite tavu s vatre i brzo prelijte smjesom od jaja i parmezana. Ovaj korak zahtijeva preciznost, jer umak mora biti kremast, a ne kao jaja na žaru.%%%2%%%500000%%%images/špageti_carbonara_stage2.jpg%%%1
finalnim detaljima%%%Za završni korak, pažljivo promiješajte sve sastojke, dodajte još svježeg crnog papra i po potrebi pospite s još parmezana. Poslužite odmah dok je jelo još toplo, s dodatnim parmezanom ako volite. Ovaj završni korak omogućuje da svi okusi u Carbonari postanu jedinstveni, a tekstura umaka savršeno se uklopi s tjesteninom. Ovo je trenutak kad se jelo slaže u svoje najfinije stanje – kremasto, bogato i iznimno ukusno.%%%3%%%500000%%%images/špageti_carbonara_stage3.jpg%%%1
pripremom%%%Prvi korak u pripremi Piletine Curry je priprema svih potrebnih sastojaka. Operite i narežite povrće (luk, češnjak, rajčice, i začinsko bilje) te pripremite piletinu, koju ćete narezati na male komadiće. U ovom koraku također pripremite sve začine, poput curry praha, kurkume, garam masale i crnog papra, koji će obogatiti jelo. Priprema povrća i začina ključna je jer je svaki od njih važan za finalnu dubinu okusa. Svi sastojci moraju biti spremni prije nego započnete s kuhanjem, jer curry zahtijeva brzo i precizno kuhanje.%%%1%%%800000%%%images/piletina_curry_stage1.jpg%%%2
kuhanjem%%%U drugom koraku, zagrijte malo ulja u velikoj tavi i započnite kuhanje luka i češnjaka dok ne postanu mekani i mirisni. Dodajte piletinu i pržite je dok ne dobije zlatno-smeđu boju. Zatim dodajte začine i pržite još nekoliko minuta, stvarajući bogat mirisni temelj. Nakon toga dodajte rajčice, kokosovo mlijeko i malo vode. Ovaj dio kuhanja ključan je za stvaranje umaka i balansiranje okusa. Kuhajte na srednjoj vatri dok piletina ne postane mekana, a curry umak se zgusne i postane kremast.%%%2%%%800000%%%images/piletina_curry_stage2.jpg%%%2
finalnim detaljima%%%Za završni korak, kuhanje se završava kad piletina postane sočna, a curry umak kremast i bogat. Poslužite curry s kuhanim rižom ili naan kruhom. U ovom koraku možete dodati malo svježeg korijandera za dodatnu svježinu i okus. Ovaj korak omogućuje da svi sastojci prožmu svoje okuse i postanu harmonični. Poslužite jelo vruće, s rižom koja upija bogat umak i stvarajući savršeni obrok.%%%3%%%800000%%%images/piletina_curry_stage3.jpg%%%2
pripremom%%%Prvi korak u pripremi Govedine Stroganoff je priprema svih sastojaka. Govedinu narežite na tanke trakice ili kockice, ovisno o vašim preferencijama. Pripremite povrće, poput luka i češnjaka, te sve začine. Također pripremite vrhnje za kuhanje, senf, a po želji i malo papra i paprike za dodatni okus. U ovom koraku je važno imati sve pripremljeno jer će kuhanje biti brzo, a svaki sastojak treba biti pri ruci za savršen završni rezultat.%%%1%%%700000%%%images/govedina_stroganoff_stage1.jpg%%%3
kuhanjem%%%U drugom koraku, zagrijte tavu s malo ulja i pržite govedinu dok ne dobije zlatno-smeđu boju. Nakon toga dodajte nasjeckani luk i češnjak, te ih pržite dok ne postanu mekani i mirisni. Zatim dodajte umak od rajčice i senf, a sve dobro promiješajte. Dodajte temeljac i malo začina po okusu, a zatim pustite da sve kuha dok govedina ne postane mekana. Ovaj korak je ključan za stvaranje bogatog okusa umaka i postizanje savršene teksture mesa.%%%2%%%700000%%%images/govedina_stroganoff_stage2.jpg%%%3
finalnim detaljima%%%Za završni korak, dodajte vrhnje za kuhanje u umak, smanjite temperaturu i kuhajte još nekoliko minuta dok umak ne postane kremast i gusto vezan za meso. Provjerite okus i po potrebi dodajte još soli ili začina. Poslužite Govedinu Stroganoff uz kuhanu rižu, tjesteninu ili pire krumpir, koji će upiti bogat umak. Ovaj korak završava pripremu jela i omogućuje da svi okusi postanu harmonični.%%%3%%%700000%%%images/govedina_stroganoff_stage3.jpg%%%3
pripremom%%%Prvi korak u pripremi Povrtnog Woka je priprema povrća. Operite i narežite sve povrće na tanke trakice ili kockice. Preporuča se koristiti povrće koje brzo kuha, poput paprika, mrkve, brokule i luka. Također pripremite sojin umak, začine poput đumbira i češnjaka te malo maslinovog ulja ili sezamovog ulja za kuhanje. U ovom koraku važno je imati sve sastojke spremne jer kuhanje woka zahtijeva brzo dodavanje i miješanje.%%%1%%%300000%%%images/povrtni_wok_stage1.jpg%%%4
kuhanjem%%%U drugom koraku, zagrijte wok tavu na visokoj temperaturi i dodajte malo ulja. Kad je ulje vruće, prvo dodajte češnjak i đumbir i pržite ih nekoliko sekundi dok ne počnu mirisati. Zatim dodajte povrće i brzo ga pržite, povremeno miješajući, kako bi se povrće ravnomjerno kuhalo, ali zadržalo svoju svježinu i hrskavost. Dodajte sojin umak i druge začine prema ukusu, a zatim sve dobro promiješajte. Ovaj korak omogućuje da se povrće brže skuha, dok zadržava bogat okus.%%%2%%%300000%%%images/povrtni_wok_stage2.jpg%%%4
finalnim detaljima%%%Za završni korak, kada je povrće savršeno kuhano, prelijte sve sa malo sezamovog ulja i poslužite. Povrtni Wok možete ukrasiti sjemenkama sezama, mladim lukom ili svježim začinskim biljem poput korijandra. Poslužite odmah, dok je povrće još uvijek hrskavo i toplo. Ovaj korak dovršava jelo koje je brzo, ukusno i zdravo, idealno za lagani ručak ili večeru.%%%3%%%300000%%%images/povrtni_wok_stage3.jpg%%%4
pripremom%%%Za pripremu pizze Margarita prvo pripremite tijesto. U zdjeli pomiješajte brašno, kvasac, sol, šećer i vodu. Umijesite tijesto dok ne postane glatko i elastično, a zatim ga ostavite da naraste oko sat vremena. Dok tijesto raste, pripremite umak od rajčice miješanjem pasiranih rajčica s maslinovim uljem, češnjakom i začinima poput origana i bosiljka. Kad tijesto naraste, premjestite ga na pobrašnjenu površinu i razvaljajte u željeni oblik.%%%1%%%600000%%%images/pizza_margarita_stage1.jpg%%%5
kuhanjem%%%U drugom koraku, na razvaljano tijesto nanesite umak od rajčica ravnomjerno po cijeloj površini. Zatim pospite naribanom mozzarellom, koja će se otopiti tijekom pečenja i dati pizzi karakterističan kremasti okus. Preporuča se koristiti svježu mozzarellu, jer ona pruža bolju teksturu i okus. Nakon što ste stavili sve sastojke, pizzu stavite u prethodno zagrejanu pećnicu na visoku temperaturu, oko 220°C, i pecite 10-15 minuta, dok kora ne postane zlatno smeđa i sir se potpuno otopi.%%%2%%%600000%%%images/pizza_margarita_stage2.jpg%%%5
finalnim detaljima%%%Kada je pizza gotova, izvadite je iz pećnice i pospite svježim listovima bosiljka. Ovaj završni dodir daje pizzi svježinu i dodatnu aromu. Pizzu Margarita najbolje je poslužiti odmah dok je još vruća, uz malo maslinovog ulja po želji. Iako je jednostavna, ova pizza je prava poslastica, a njezin miris i okus donose pravu uživanciju.%%%3%%%600000%%%images/pizza_margarita_stage3.jpg%%%5
pripremom%%%Za pripremu Lososa Teriyaki, prvo pripremite marinadu miješanjem sojinog umaka, teriyaki umaka, meda, rižinog octa, nasjeckanog češnjaka i rendane đumbira. Marinadu dobro promiješajte dok se svi sastojci ne sjedine. Zatim stavite filete lososa u plastičnu vrećicu ili plitku posudu, prelijte marinadom i ostavite da se marinira u hladnjaku najmanje 30 minuta. Ovaj proces omogućuje lososu da upije sve okuse marinada.%%%1%%%400000%%%images/losos_teriyaki_stage1.jpg%%%6
kuhanjem%%%Nakon što je losos mariniran, zagrijte tavu na srednje jakoj vatri. Stavite lososa u tavu s kožom prema dolje i pržite 3-4 minute s obje strane, dok ne postane zlatno smeđi i kuhan do željene donje temperature. Tijekom kuhanja, možete dodati preostalu marinadu u tavu i pustiti da lagano kuha, stvarajući bogat, karamelizirani umak koji će obogatiti okus ribe. Losos treba biti sočan iznutra, dok će vanjski sloj biti hrskav.%%%2%%%400000%%%images/losos_teriyaki_stage2.jpg%%%6
finalnim detaljima%%%Kada je losos gotov, izvadite ga iz tave i ostavite da odstoji nekoliko minuta prije posluživanja. Prelijte ga s dodatnim umakom od teriyaki i pospite sjemenkama sezama ili nasjeckanim mladim lukom za dodatnu teksturu i okus. Poslužite uz prilog poput riže ili povrća. Ovaj recept za losos Teriyaki donosi bogate okuse Azije, a priprema je jednostavna, ali izuzetno ukusna.%%%3%%%400000%%%images/losos_teriyaki_stage3.jpg%%%6
pripremom%%%Za pripremu Tacos-a s govedinom, prvo pripremite začine tako što ćete pomiješati kumin, papriku, čili prah, sol i papar. Zatim nasjeckajte luk, češnjak i svježi korijander. U tavi zagrijte malo ulja i dodajte nasjeckani luk i češnjak. Pržite dok ne postanu mekani i mirisni, oko 2-3 minute. Nakon toga, dodajte mljevenu govedinu i pržite dok se potpuno ne ispeče, miješajući s začinima.%%%1%%%500000%%%images/tacos_s_govedinom_stage1.jpg%%%7
kuhanjem%%%Nakon što se govedina dobro ispeče, dodajte malo rajčice iz konzervi i pustite da se sve kuha 5-10 minuta dok umak ne postane gust i bogat. Po želji, možete dodati malo mesa od paprika ili ljutih papričica za dodatnu pikantnost. Dok se govedina kuha, pripremite tortilje, zagrijte ih na tavi ili u mikrovalnoj pećnici. Napravite sve potrebne pripreme za dodatke poput sira, zelene salate i kisele vrhnje.%%%2%%%500000%%%images/tacos_s_govedinom_stage2.jpg%%%7
finalnim detaljima%%%Kada je govedina gotova, počnite puniti tortilje. Stavite malo mesnog umaka na svaku tortilju, a zatim dodajte odabrane dodatke poput salate, rajčica, avokada, naribanog sira i kisele vrhnje. Poslužite odmah, dok su tortilje tople, za najukusniji obrok. Tacosi s govedinom savršen su izbor za obiteljsku večeru ili zabavu, jer su brzi za pripremu i mogu se prilagoditi prema osobnim željama i preferencijama.%%%3%%%500000%%%images/tacos_s_govedinom_stage3.jpg%%%7
pripremom%%%Za pripremu grčke salate, prvo operite povrće. Nasjeckajte rajčice na kriške, krastavce na kolutove i crveni luk na tanke ploške. Zatim, narežite masline na pola i pripremite komadiće fete. Svi sastojci trebaju biti svježi kako bi salata bila što ukusnija. Po želji, možete dodati i malo crvene paprike za boju i okus.%%%1%%%200000%%%images/grčka_salata_stage1.jpg%%%8
kuhanjem%%%Nakon što ste pripremili povrće, u velikoj zdjeli pomiješajte rajčice, krastavce, crveni luk i masline. Dodajte kocke fete ili cijele komadiće ako želite veće komade sira u salati. Prelijte sve sa malo maslinovog ulja, pospite suhim origano začinom i začinite solju i paprom po ukusu. Salatu možete dodatno začiniti sa malo limunovog soka za svježinu.%%%2%%%200000%%%images/grčka_salata_stage2.jpg%%%8
finalnim detaljima%%%Na kraju, sve dobro promiješajte kako bi se okusi povezali. Grčka salata je gotova i spremna za posluživanje. Možete je poslužiti odmah kao prilog uz jelo, kao samostalan obrok ili čak dodati neki preliv poput balzamičkog octa ili jogurta. Ova salata je lagana, hranjiva i savršena za tople ljetne dane.%%%3%%%200000%%%images/grčka_salata_stage3.jpg%%%8
pripremom%%%Za pripremu Butter Chicken-a, prvo marinirajte pileće meso u mješavini jogurta, začina poput kurkume, kumina, korijandera, paprike, soli i maslaca. Ostavite meso da odstoji barem 30 minuta do sat vremena kako bi se svi okusi upili. Pripremite sve potrebne sastojke, poput nasjeckanog luka, rajčica, đumbira i češnjaka, te maslaca i pavlake za završni umak.%%%1%%%900000%%%images/butter_chicken_stage1.jpg%%%9
kuhanjem%%%Na srednje jakoj vatri, u velikoj tavi otopite malo maslaca i dodajte nasjeckani luk, đumbir i češnjak. Pržite dok luk ne postane mekan i zlatno smeđi. Zatim dodajte marinirano pileće meso i pržite dok ne postane zlatno s obje strane. Nakon toga, dodajte sjeckane rajčice, malo vode i ostale začine. Ostavite da se kuha nekoliko minuta dok meso ne postane potpuno kuhano i omekša.%%%2%%%900000%%%images/butter_chicken_stage2.jpg%%%9
finalnim detaljima%%%Kada je meso kuhano, dodajte vrhnje za kuhanje i još malo maslaca. Miješajte dok se svi sastojci ne povežu u kremasti umak. Pustite da se kuha još nekoliko minuta kako bi se okusi spojili. Na kraju, začinite s još malo soli, papra i garam masale po ukusu. Poslužite Butter Chicken uz rižu ili indijski naan kruh za potpuni doživljaj.%%%3%%%900000%%%images/butter_chicken_stage3.jpg%%%9
pripremom%%%Za pripremu juhe od leće, prvo operite leću i stavite je na stranu. U velikoj tavi, na malo maslinovog ulja, propržite nasjeckani luk, češnjak i mrkvu dok ne postanu mekani i blago karamelizirani. Dodajte sjeckane rajčice, začine poput kumin, korijander, sol, papar i malo paprike u prahu. Svi sastojci će se sjajno uskladiti kad se počnu pržiti.%%%1%%%600000%%%images/juha_od_leće_stage1.jpg%%%10
kuhanjem%%%Nakon što su povrće i začini dobro proprženi, dodajte opranu leću u tavu. Prelijte sve s povrtnim temeljcem (ili vodom ako nemate temeljca) i pustite da sve kuha dok leća ne postane mekana, otprilike 30-40 minuta. Povremeno miješajte i po potrebi dodajte još vode. Juha bi trebala biti gusta i bogata okusi.%%%2%%%600000%%%images/juha_od_leće_stage2.jpg%%%10
finalnim detaljima%%%Kada je leća mekana, upotrijebite štapni mikser da sve usitnite u glatku, kremastu teksturu. Ako želite, možete ostaviti nekoliko komadića povrća za teksturu. Na kraju, dodajte još soli i papra po ukusu. Poslužite juhu uz malo limunovog soka i svježeg peršuna, a kao dodatak možete staviti i malo kiselog vrhnja ili jogurta.%%%3%%%600000%%%images/juha_od_leće_stage3.jpg%%%10
pripremom%%%Za početak pripreme paelle, na srednje jakoj vatri zagrijte maslinovo ulje u velikoj tavi ili posebnoj paella tavi. Dodajte nasjeckani luk i češnjak, pržite dok ne postanu mekani i prozirni. Zatim dodajte nasjeckanu crvenu papriku, rajčicu i grašak, te sve dobro promiješajte. Dodajte začine poput šafrana, paprike, soli i papra. Po želji, možete dodati i malo bijelog vina.%%%1%%%1000000%%%images/paella_stage1.jpg%%%11
kuhanjem%%%Kad povrće postane mekano, dodajte rižu i sve dobro promiješajte da se riža upije u začinima i povrću. Nakon toga, prelijte sve s pilećim ili povrtnim temeljcem (oko 1.5 šalice po porciji riže). Stavite morsku hranu (kozice, lignje, dagnje) ili meso (piletinu, zec) u tavu, pokrijte i pustite da se kuha dok riža ne upije većinu tekućine i postane mekana, oko 20 minuta.%%%2%%%1000000%%%images/paella_stage2.jpg%%%11
finalnim detaljima%%%Na kraju, kada je riža mekana i sva tekućina upijena, pospite paellu s nasjeckanim peršinom i limunovim sokom. Pokrijte tavu i ostavite da odstoji nekoliko minuta kako bi svi okusi dobro sjeli. Poslužite vruće uz limunove kriške. Paella je izvrstan obrok koji spaja bogatstvo mora i okusa, savršen za obiteljska okupljanja i posebne prigode.%%%3%%%1000000%%%images/paella_stage3.jpg%%%11
pripremom%%%Za pripremu Cezar salate, započnite s pripremom dresaingom. U zdjeli pomiješajte majonezu, senf, nasjeckani češnjak, sok od limuna, Worcestershire umak, maslinovo ulje, te parmezan. Dodajte sol i papar po ukusu i dobro promiješajte dok ne dobijete glatki dressing.%%%1%%%300000%%%images/cezar_salata_stage1.jpg%%%12
kuhanjem%%%Za pripremu salate, operite i osušite rimski ili iceberg kupus. Natrgajte ga na komade i stavite u veliku zdjelu. Dodajte pržene krutone, koji su izvrsno posluženi u ovoj salati za dodatnu teksturu. Prelijte pripremljenim dresingom i sve dobro promiješajte da se svi sastojci oblože dressingom.%%%2%%%300000%%%images/cezar_salata_stage2.jpg%%%12
finalnim detaljima%%%Za završetak, dodajte još parmezan sjeckani na tanke trakice ili grubo nariban, po vrhu salate. Po želji, možete dodati i malo svježeg crnog papra. Poslužite salatu odmah, hladnu i svježu. Cezar salata je savršena kao lagani obrok ili prilog uz meso, a bogatstvo okusa dresinga čini je uvijek omiljenim izborom.%%%3%%%300000%%%images/cezar_salata_stage3.jpg%%%12
pripremom%%%Za početak pripreme Piletine Alfredo, prvo pripremite pileće filete. Posolite i popaprite po ukusu, a zatim ih ispržite na tavi s malo maslaca ili ulja dok ne postanu zlatno smeđi i sočni. Kad su pečeni, izvadite ih iz tave i stavite na stranu. U istoj tavi, pripremite umak za Alfredo tako da dodate vrhnje za kuhanje i maslac, te kuhajte na laganoj vatri.%%%1%%%500000%%%images/piletina_alfredo_stage1.jpg%%%13
kuhanjem%%%U umaku od vrhnja i maslaca, dodajte parmezan i miješajte dok se sav sir ne otopi i umak postane kremast. Začinite sa soli, paprom i po želji s malo češnjaka u prahu ili muškatnog oraščića. U međuvremenu, skuhajte tjesteninu po vašem izboru (najčešće se koristi fettuccine). Kada je tjestenina gotova, pomiješajte je s pripremljenim umakom i dobro promiješajte da se svi rezanci oblože umakom.%%%2%%%500000%%%images/piletina_alfredo_stage2.jpg%%%13
finalnim detaljima%%%Na kraju, vratite pileće filete u tavu s umakom i tjesteninom, kratko ih zagrijte zajedno. Piletinu poslužite na vrhu tjestenine, a po želji možete dodati još parmezana ili svježeg peršuna za dodatni okus i dekoraciju. Piletina Alfredo je gotova i spremna za posluživanje kao ukusan i kremasti obrok.%%%3%%%500000%%%images/piletina_alfredo_stage3.jpg%%%13
pripremom%%%Za pripremu shakshuke, prvo zagrijte malo maslinovog ulja u velikoj tavi. Dodajte nasjeckani luk i crvenu papriku, te pirjajte na srednje jakoj vatri dok povrće ne omekša i postane prozračno. Zatim dodajte nasjeckane rajčice i začine poput kumin, paprike, i soli. Ostavite da se kuha 10-ak minuta dok se rajčice ne raspadnu i stvore gusti umak.%%%1%%%400000%%%images/shakshuka_stage1.jpg%%%14
kuhanjem%%%Kada umak bude gotov, napravite male udubine u umaku i u svaku stavite jedno jaje. Pokrijte tavu i pustite da se jaja kuhaju na pari, ovisno o željenoj tvrdoći, oko 5-10 minuta. Ako želite mekša jaja, pustite da se kuhaju kraće, a ako volite tvrđa, produljite vrijeme kuhanja. Umak treba ostati bogat i sočan, dok će jaja poprimiti željenu konzistenciju.%%%2%%%400000%%%images/shakshuka_stage2.jpg%%%14
finalnim detaljima%%%Kada su jaja skuhana, skinite tavu s vatre i pospite sve s malo svježeg peršuna ili korijandera. Shakshuka je spremna za posluživanje! Poslužite uz toplu pita kruh za umakanje u sočan umak i jaja. Ovo jelo je savršen doručak ili lagani obrok, bogato okusima i hranjivim sastojcima.%%%3%%%400000%%%images/shakshuka_stage3.jpg%%%14
pripremom%%%Za početak pripreme povrtnog curryja, u velikoj tavi zagrijte malo kokosovog ulja i dodajte sitno nasjeckani luk i češnjak. Pirjajte dok ne omekšaju i postanu zlatno smeđi. Zatim dodajte začine poput kurkume, kumina, korijandera i garam masale, te pržite još nekoliko minuta da se začini otvore i oslobode svoj miris. Dodajte nasjeckanu mrkvu, krumpir i ostalo povrće po želji.%%%1%%%600000%%%images/povrtni_curry_stage1.jpg%%%15
kuhanjem%%%Kad povrće postane lagano omekšalo, dodajte kokosovo mlijeko i povrtnu juhu, te sve dobro promiješajte. Pokrijte tavu i kuhajte na laganoj vatri dok povrće ne omekša, oko 15 minuta. Curry treba biti kremast, s bogatim okusima koji se stapaju u savršeni umak. Po potrebi, dodajte soli i papra za dodatnu začinjenost.%%%2%%%600000%%%images/povrtni_curry_stage2.jpg%%%15
finalnim detaljima%%%Kada je curry gotov, pospite ga sjeckanim svježim peršinom ili korijanderom i poslužite s kuhanom rižom. Ovaj povrtni curry je idealan za ljubitelje začinjene hrane i može se prilagoditi različitim vrstama povrća po vašoj želji. Osim toga, ovo jelo je izvrstan izvor vlakana i vitamina, čineći ga hranjivim i ukusnim obrokom.%%%3%%%600000%%%images/povrtni_curry_stage3.jpg%%%15
pripremom%%%Za pripremu fish and chips, prvo ogulite i narežite krumpire na deblje štapiće. Stavite ih u vodu i ostavite da odstoje 30 minuta kako bi se oslobodio škrob, što će im pomoći da postanu hrskavi tijekom prženja. Za ribu, odaberite bijelu ribu poput bakalara, začinite je solju, paprom i limunovim sokom, a zatim je pripremite za umakanje u tijesto.%%%1%%%400000%%%images/fish_and_chips_stage1.jpg%%%16
kuhanjem%%%Za tijesto, pomiješajte brašno, prašak za pecivo, malo soli i hladnu vodu. U velikoj tavi ili fritezi, zagrijte ulje na srednje visoku temperaturu. U međuvremenu, umočite pripremljenu ribu u tijesto i stavite je pržiti dok ne postane zlatno smeđa i hrskava. Isto učinite s krumpirima, koji će također dobiti zlatnu boju i savršenu hrskavost.%%%2%%%400000%%%images/fish_and_chips_stage2.jpg%%%16
finalnim detaljima%%%Kada su riba i krumpiri gotovi, izvadite ih iz ulja i stavite na papirnate ubruse kako bi se uklonio višak ulja. Poslužite uz omiljeni umak poput tartara ili češnjaka, i uživajte u klasičnom britanskom jelu "fish and chips". Ovo jelo savršeno balansira hrskavost i sočnost, čineći ga omiljenim jelom u mnogim kuhinjama.%%%3%%%400000%%%images/fish_and_chips_stage3.jpg%%%16
pripremom%%%Za pripremu ramena, započnite s pripremom temeljca. U velikoj tavi ili loncu, pirjajte luk, češnjak i đumbir u malo ulja dok ne postanu mekani i mirisni. Zatim dodajte temeljac od povrća ili mesa, ovisno o vrsti ramena koju pripremate, te ga pustite da kuha na laganoj vatri. Za ramen, odaberite rižine rezance, koji se kuhaju u zasebnom loncu prema uputama na pakiranju.%%%1%%%900000%%%images/ramen_stage1.jpg%%%17
kuhanjem%%%Za pripremu ramena, dodajte umak od soje, miso pastu ili druge začine u temeljac kako biste mu dali bogat okus. U međuvremenu, pripremite dodatke poput kuhanih jaja, povrća, svinjetine, piletine ili tofua, ovisno o vašim željama. Nakon što je temeljac kuhao neko vrijeme, dodajte skuhane rezance i sve dodatke u lonac i pustite da sve zajedno kuha još nekoliko minuta.%%%2%%%900000%%%images/ramen_stage2.jpg%%%17
finalnim detaljima%%%Poslužite ramen u zdjelama, ukrašen kuhanim jajima, nasjeckanim povrćem, začinskim biljem poput zelenog luka i kvasca. Poslužite vruće i uživajte u bogatom okusu japanske juhe s rezancima. Ramen je popularno jelo zbog svoje svestranosti i mogućnosti prilagodbe raznim sastojcima i okusima, pa ga možete prilagoditi vlastitim preferencijama.%%%3%%%900000%%%images/ramen_stage3.jpg%%%17
pripremom%%%Za pripremu falafela, prvo dobro isperite suhi slanutak i ostavite ga da se natopi nekoliko sati. Zatim ga ocijedite i stavite u blender zajedno s lukom, češnjakom, peršinom, korijanderom, kuminom, soli i paprom. Miksajte sve dok ne dobijete tijesto, a zatim oblikujte male kuglice. Posolite i popaprite po želji. Ove kuglice obavezno pržite u vrućem ulju dok ne postanu zlatno smeđe i hrskave.%%%1%%%300000%%%images/falafel_wrap_stage1.jpg%%%18
kuhanjem%%%Kada su falafeli prženi, pripremite tortilje ili pita kruh kao osnovu za wrap. Stavite malo humusa ili jogurta na sredinu, a zatim dodajte nekoliko falafela. Dodajte svježe povrće poput rajčice, krastavca, crvenog luka i zelenu salatu. Možete dodati i dodatke poput tahinija ili začinskog umaka po želji.%%%2%%%300000%%%images/falafel_wrap_stage2.jpg%%%18
finalnim detaljima%%%Zavijte wrap tako da svi sastojci ostanu u sredini, a zatim poslužite odmah. Falafel wrap je savršen obrok za ljubitelje vegeterijanskih jela ili kao brz i ukusan obrok na putu. S kombinacijom hrskavih falafela, svježeg povrća i kremastih dodataka, ovaj wrap će zadovoljiti svaki apetit.%%%3%%%300000%%%images/falafel_wrap_stage3.jpg%%%18
pripremom%%%Za pripremu BBQ rebarca, prvo očistite rebarca i uklonite suvišnu mast. Potom ih premažite marinadom od sojinog umaka, meda, češnjaka, senfa, limunovog soka, maslinovog ulja, soli i papra. Ostavite da se mariniraju nekoliko sati, a idealno bi bilo preko noći. Ovaj postupak će omogućiti rebrima da upiju sve začine i postanu sočna i aromatična.%%%1%%%2400000%%%images/bbq_rebarca_stage1.jpg%%%19
kuhanjem%%%Nakon što su rebarca marinirana, stavite ih na roštilj ili u pećnicu, te ih pečete na srednjoj temperaturi oko 2 do 2.5 sata. Povremeno ih premažite dodatkom marinade, kako bi ostale sočne i zadržale bogat okus. Uvijek pazite da ne prekuhaju i da ostanu sočna. Kada su gotova, rebarca bi trebala biti lagano karamelizirana na vrhu.%%%2%%%2400000%%%images/bbq_rebarca_stage2.jpg%%%19
finalnim detaljima%%%Poslužite BBQ rebarca s omiljenim prilogom, poput pečenih krumpira, povrća ili salate. Ovaj obrok savršen je za obiteljska okupljanja ili kao glavni obrok na roštilju. Sočna rebarca s bogatim BBQ umakom pružaju nevjerojatan okus u svakom zalogaju.%%%3%%%2400000%%%images/bbq_rebarca_stage3.jpg%%%19
pripremom%%%Za pripremu palačinki, prvo pomiješajte jaja, brašno, mlijeko, šećer, prašak za pecivo i malo soli. Smjesu dobro izmiješajte tako da ne ostanu grudice. Ako želite, možete dodati i vaniliju ili limunovu koricu za dodatni okus. Palačinke mogu biti i bez glutena ako koristite brašno bez glutena. Ostavite smjesu da odstoji nekoliko minuta prije prženja.%%%1%%%300000%%%images/palačinke_stage1.jpg%%%20
kuhanjem%%%Za svaku palačinku, zagrijte tavu s malo ulja ili maslaca na srednje jakoj vatri. Preporučuje se koristiti tavu s nenaljepljivim premazom kako bi palačinke bile ravnomjerne i lako se okretale. Ulijte malu količinu smjese i lagano je razmažite po tavi. Pecite palačinke oko 1-2 minute sa svake strane, dok ne postanu zlatno smeđe i hrskave na rubovima.%%%2%%%300000%%%images/palačinke_stage2.jpg%%%20
finalnim detaljima%%%Poslužite palačinke sa svojim omiljenim dodacima – šećerom u prahu, nutellom, svježim voćem, šlagom ili medom. Palačinke su svestran obrok koji možete poslužiti za doručak, užinu ili desert. Uživajte u ovom jednostavnom, ali ukusnom jelu, koje je uvijek popularno među svim uzrastima.%%%3%%%300000%%%images/palačinke_stage3.jpg%%%20
pripremom%%%Za pripremu rižota s gljivama, prvo očistite i narežite gljive po želji. U velikoj tavi zagrijte malo maslinovog ulja ili maslaca, a zatim dodajte nasjeckani luk i pirjajte ga dok ne postane staklast. Dodajte gljive i pirjajte ih dok ne omekšaju i lagano se karameliziraju. Zatim dodajte rižu i pržite je minutu, kako bi upila sve okuse.%%%1%%%700000%%%images/rižoto_s_gljivama_stage1.jpg%%%21
kuhanjem%%%Nakon što ste pripremili osnovne sastojke, dodajte malo bijelog vina u tavu kako bi riža upila okuse. Dodajte temeljac, po malo, i neprestano miješajte dok riža ne postigne željenu teksturu. To traje oko 18-20 minuta. Na kraju dodajte maslac i parmezan za bogatstvo okusa.%%%2%%%700000%%%images/rižoto_s_gljivama_stage2.jpg%%%21
finalnim detaljima%%%Rižoto bi trebao biti kremast i al dente, s bogatim okusom gljiva i maslaca. Poslužite toplo, ukrašeno svježim peršinom ili naribanim parmezanom. Ovaj rižoto savršeno se uklapa uz meso ili kao glavno jelo.%%%3%%%700000%%%images/rižoto_s_gljivama_stage3.jpg%%%21
pripremom%%%Za pripremu tuna salate, počnite s otvaranjem konzerve tune i isušite višak tekućine. Stavite tunu u veliku zdjelu. Zatim nasjeckajte povrće po želji – rajčicu, krastavac, crveni luk i masline, te dodajte u zdjelu s tunom. Pomiješajte sve sastojke kako bi se okusi spojili.%%%1%%%200000%%%images/tuna_salata_stage1.jpg%%%22
kuhanjem%%%Za ovu salatu nije potrebno kuhanje, ali možete dodati i kuhana jaja ili kuhan krumpir, ovisno o željama. Zatim začinite solju, paprom, maslinovim uljem i limunovim sokom po ukusu. Salata je jednostavna, ali nutritivno bogata i idealna za lagani obrok.%%%2%%%200000%%%images/tuna_salata_stage2.jpg%%%22
finalnim detaljima%%%Poslužite salatu hladnu, idealno uz kriške svježeg kruha ili kao lagani obrok na vrućim ljetnim danima. Ova tuna salata je jednostavna, ukusna i prepuna proteina.%%%3%%%200000%%%images/tuna_salata_stage3.jpg%%%22
pripremom%%%Za pripremu ćufti u umaku, prvo pomiješajte mljeveno meso (najčešće govedinu i svinjetinu), luk, češnjak, jaje, krušne mrvice, začine i peršinom. Oblikujte male kuglice od smjese. U tavi zagrijte malo ulja i pržite ćufte dok ne postanu zlatno smeđe sa svih strana.%%%1%%%900000%%%images/ćufte_u_umaku_stage1.jpg%%%23
kuhanjem%%%Za pripremu umaka, u tavi zagrijte malo maslinovog ulja, pa dodajte nasjeckani crveni luk, češnjak i začine poput majčine dušice i origana. Zatim dodajte pasirane rajčice i kuhajte sve zajedno nekoliko minuta. Kad su ćufte već pržene, stavite ih u umak i kuhajte ih još 15-20 minuta dok ne postanu sočne i mekane.%%%2%%%900000%%%images/ćufte_u_umaku_stage2.jpg%%%23
finalnim detaljima%%%Poslužite ćufte u umaku s prilogom po izboru, poput pire krumpira, riže ili tjestenine. Ovaj recept je izdašan i vrlo ukusan, s bogatim umakom koji savršeno upotpunjuje sočne ćufte.%%%3%%%900000%%%images/ćufte_u_umaku_stage3.jpg%%%23
pripremom%%%Za pripremu punjenih paprika, prvo operite i očistite paprike. Isecite vrhove i pažljivo izvadite sjemenke. U velikoj zdjeli pripremite nadjev od mljevenog mesa, kuhanog riže, nasjeckanog luka, začina i začinskog bilja po želji. Napunite paprike smjesom, pazeći da ne prepunite jer će se tijekom kuhanja širiti.%%%1%%%1000000%%%images/punjene_paprike_stage1.jpg%%%24
kuhanjem%%%Napunjene paprike stavite u veliku posudu i prelijte s umakom od rajčice ili povrtnim temeljcem. Pokrijte posudu aluminijskom folijom i stavite u prethodno zagrejanu pećnicu. Pecite ih 45 minuta na srednjoj temperaturi, povremeno prelivajući s tekućinom.%%%2%%%1000000%%%images/punjene_paprike_stage2.jpg%%%24
finalnim detaljima%%%Poslužite punjene paprike tople, sa strane možete poslužiti kuhanim krumpirom, pireom ili salatom. Jelo je zasitno i bogato okusima, idealno za obiteljski obrok.%%%3%%%1000000%%%images/punjene_paprike_stage3.jpg%%%24
pripremom%%%Za pripremu pohane piletine, prvo pripremite pileće filete, posolite i popaprite po ukusu. U zdjeli pripremite tri zasebne posude: jednu s brašnom, drugu s umućenim jajima, a treću s krušnim mrvicama. Uvalite pileće filete prvo u brašno, zatim u jaja i na kraju u krušne mrvice.%%%1%%%400000%%%images/pohana_piletina_stage1.jpg%%%25
kuhanjem%%%U tavi zagrijte dovoljno ulja za prženje i stavite pripremljene pileće filete. Pržite ih dok ne postanu zlatno smeđi i hrskavi, oko 5-7 minuta s obje strane. Pazite da temperatura ulja bude srednja kako bi piletina bila sočna iznutra, a hrskava izvana.%%%2%%%400000%%%images/pohana_piletina_stage2.jpg%%%25
finalnim detaljima%%%Poslužite pohanu piletinu uz prilog po želji, poput pečenog povrća, pire krumpira ili salate. Ovaj obrok je jednostavan za pripremu, a izuzetno ukusan i zasitan.%%%3%%%400000%%%images/pohana_piletina_stage3.jpg%%%25
pripremom%%%Za pripremu bolognese umaka, prvo na maslinovom ulju ili maslacu prodinstajte nasjeckani luk i češnjak. Dodajte mljeveno meso (govedinu i svinjetinu) i pržite dok ne postane smeđe i sočno. Zatim dodajte nasjeckane rajčice, malo crnog vina i začine poput origana, bosiljka, soli i papra.%%%1%%%600000%%%images/bolognese_stage1.jpg%%%26
kuhanjem%%%Nakon što su svi sastojci u tavi, ostavite da umak kuha na laganoj vatri oko 45 minuta do sat vremena. Povremeno miješajte i po potrebi dodajte još temeljca ili vode kako bi umak bio kremast. Kad je umak gotov, pripremite omiljenu tjesteninu i pomiješajte s bolognese umakom.%%%2%%%600000%%%images/bolognese_stage2.jpg%%%26
finalnim detaljima%%%Poslužite bolognese umak s tjesteninom po izboru, kao što su špageti ili tagliatelle. Ovaj jelo je klasični favorit i savršen za obiteljske obroke. Možete dodati i malo naribanog parmezana za bogatiji okus.%%%3%%%600000%%%images/bolognese_stage3.jpg%%%26
pripremom%%%Za pripremu mediteranske salate, prvo operite i nasjeckajte povrće poput rajčica, krastavaca, crvenog luka i maslina. Svi ovi sastojci trebaju biti svježi i kvalitetni, jer je ovo lagano jelo koje se temelji na jednostavnosti. Dodajte fetu, svježi peršun i kapare. Pripremite preljev od maslinovog ulja, limunovog soka, soli, papra i origana. Preljev možete prilagoditi vlastitim željama i začinima, ali pazite da zadrži blagi i osvježavajući okus koji je karakterističan za ovu salatu. Svi sastojci trebaju biti pomno kombinirani kako bi stvorili skladnu i ukusnu salatu. Nakon što ste sve dobro pomiješali, ostavite salatu da odstoji nekoliko minuta kako bi se okusi dobro povezali. Ova salata može se poslužiti kao lagani obrok ili kao prilog uz glavno jelo, a odlično se slaže uz pečenu ribu ili meso.%%%1%%%300000%%%images/mediteranska_salata_stage1.jpg%%%27
kuhanjem%%%Mediteranska salata je jedno od jela koja ne zahtijevaju kuhanje, ali je unatoč tome puna okusa. Iako se može pripremiti u nekoliko minuta, bitno je da svi sastojci budu pažljivo odabrani i pripremljeni. Ova salata je vrlo svestrana i može biti prilog uz pečenu ribu, piletinu ili meso. Zbog svoje svježine, mediteranska salata je savršen izbor za ljetne obroke, kada želite nešto lagano i zdravo. Povrće kao što su rajčica i krastavac bogato je vitaminima, a masline i feta sir dodaju bogatstvo okusa. Kada je salata gotova, ostavite je nekoliko minuta da odstoji kako bi se okusi još više upili.%%%2%%%300000%%%images/mediteranska_salata_stage2.jpg%%%27
finalnim detaljima%%%Poslužite salatu ohlađenu, po želji dodajući još maslinovog ulja, limunovog soka ili svježeg peršina. Ovo je jelo koje je iznimno jednostavno, ali nevjerojatno ukusno. Možete je poslužiti uz razna jela, a u ljetnim mjesecima savršeno je osvježavajuće. Mediteranska salata je zdrav i ukusan obrok koji se može pripremiti za samo nekoliko minuta, a svojim okusima sigurno će oduševiti sve koji je probaju. Osim što je lagana, ova salata je bogata vlaknima i hranjivim tvarima, čineći je savršenim izborom za sve koji žele uživati u jednostavnom, ali nutritivno bogatom obroku.%%%3%%%300000%%%images/mediteranska_salata_stage3.jpg%%%27
pripremom%%%Za pripremu sarme, prvo pripremite nadjev od mljevenog mesa, riže, luka, začina (sol, papar, paprika) i malo ulja. Meso možete kombinirati s rižom, ali neki recepti koriste samo meso, dok drugi preferiraju rižu kao glavni sastojak. Nakon što ste pomiješali nadjev, listove kiselog kupusa operite i ocijedite. Ukoliko koristite svježi kupus, prvo ga trebate blanširati. Na svaki list stavite malu količinu nadjeva i zarolajte ga u čvrstu rolu, pazeći da krajevi budu dobro zatvoreni kako bi nadjev ostao unutar sarme. Rolo sarmice stavite u veliki lonac, a između njih možete staviti nekoliko lovorovih listova za dodatni okus.%%%1%%%2400000%%%images/sarma_stage1.jpg%%%28
kuhanjem%%%Rolane sarme stavite u veliki lonac, po mogućstvu jednu do druge, i prelijte ih s malo temeljca ili vode. Kuhajte ih na laganoj vatri nekoliko sati dok sarmice ne postanu mekane i sočne. Povremeno dolijevajte vodu po potrebi kako bi ostale vlažne. Sarmu možete pripremati i u pećnici, ali je tradicionalni način kuhanja na štednjaku s povremenim dolijevanjem tekućine. Sarmu je najbolje kuhati na laganoj vatri, jer to omogućava da se okusi dobro spoje, a meso i riža postanu sočni i puni okusa. Poslužite uz domaći kruh i kiselo vrhnje za potpuni doživljaj.%%%2%%%2400000%%%images/sarma_stage2.jpg%%%28
finalnim detaljima%%%Poslužite sarme tople uz kiselo vrhnje ili jogurt. Ovo tradicionalno jelo je jako popularno u mnogim zemljama, a osobito u zimskim mjesecima. Sarmu možete pripremati i unaprijed, jer je njezin okus još bolji kad se ohladi i ponovno podgrije. Bogata je okusa, zasitna i hranjiva, te je savršena za obiteljske obroke ili blagdane. Sarmu možete poslužiti i kao dio obiteljskog stola, a uz dodatak kuhanog krumpira ili pire krumpira čini potpuni obrok.%%%3%%%2400000%%%images/sarma_stage3.jpg%%%28
pripremom%%%Za pripremu musake, prvo pržite nasjeckani luk i mljeveno meso dok meso ne postane smeđe i počne puštati svoj sok. Dodajte začine poput paprike, soli i papra te dobro promiješajte. Nakon toga dodajte nasjeckani paradajz i sve dobro kuhajte dok se okusi ne spoje. Zatim pripremite slojeve s kuhanim krumpirima, povrćem i mesom. Svaki sloj treba biti ravnomjerno raspoređen. Na kraju, prelijte sve s umakom od jaja i mlijeka. Umak od jaja i mlijeka daje musaci sočnost i bogatstvo okusa. Sastojci se trebaju dobro povezati kako bi rezultat bio ukusan i zasitan.%%%1%%%1200000%%%images/musaka_stage1.jpg%%%29
kuhanjem%%%Pecite musaku u pećnici na srednje jakoj temperaturi oko sat vremena, dok ne postane zlatno smeđa na vrhu. Tijekom pečenja, umak od jaja i mlijeka stvori prepoznatljiv zapečeni sloj na vrhu koji daje dodatnu hrskavost. Pecite je dovoljno dugo kako bi svi okusi imali vremena da se spoje i kako bi jelo bilo sočno i mirisno. Kada je musaka gotova, izvadite je iz pećnice i pustite da odstoji nekoliko minuta kako bi se sve stvrdnulo i lakše rezalo.%%%2%%%1200000%%%images/musaka_stage2.jpg%%%29
finalnim detaljima%%%Poslužite musaku toplu, uz salatu po izboru. Musaka je odličan obrok koji može zadovoljiti veliku obitelj. Ovo jelo je izdašno i bogato, a kombinacija mesa, krumpira i jaja čini ga savršenim izborom za hladne dane. Musaka je jedno od najpopularnijih jela u mnogim zemljama Balkana i Mediterana, a uz dobar prilog čini izvrstan obrok. Musaka je također jelo koje možete pripremiti unaprijed, jer je njezin okus još bolji nakon što je odležala.%%%3%%%1200000%%%images/musaka_stage3.jpg%%%29
pripremom%%%Za pripremu pite od jabuka, prvo pripremite tijesto tako da pomiješate brašno, maslac, šećer, jaje i prstohvat soli. Tijesto treba biti glatko i mekano, a važno je da maslac bude hladan kako bi se postigla odgovarajuća tekstura. Razvaljajte tijesto i stavite ga u kalup za pečenje. Isecite jabuke na tanke kriške i pospite ih šećerom, cimetom i limunovim sokom. Jabuke se trebaju ravnomjerno rasporediti po tijestu, čineći sloj bogatog voća u sredini.%%%1%%%1000000%%%images/pita_od_jabuka_stage1.jpg%%%30
kuhanjem%%%Pripremljenu pitu prelijte sa šećerom i cimetom te je stavite u prethodno zagrejanu pećnicu. Pecite je oko 45 minuta ili dok tijesto ne postane zlatno smeđe. Pita od jabuka treba biti pečena do savršenstva, a voće unutar nje treba biti mekano i mirisno. Tijesto će postati hrskavo i zlatno smeđe, a miris iz pećnice će biti nevjerojatno primamljiv.%%%2%%%1000000%%%images/pita_od_jabuka_stage2.jpg%%%30
finalnim detaljima%%%Poslužite pitu ohlađenu ili toplu, uz kuglu sladoleda ili šlag. Pita od jabuka je klasičan desert koji je savršen za obiteljske proslave i blagdane. Topla pita sa sladoledom je posebno popularna, ali možete je poslužiti i bez dodataka. Ovaj desert je jednostavan za pripremu, ali pruža nevjerojatno bogat okus i užitak.%%%3%%%1000000%%%images/pita_od_jabuka_stage3.jpg%%%30
pripremom%%%Za pripremu krem juhe od bundeve, prvo ogulite i narežite bundevu na kocke. Stavite je u lonac s malo maslinovog ulja i pržite dok ne omekša. Dodajte nasjeckani luk i češnjak, te pržite sve dok luk ne postane staklast. Zatim dodajte povrtnu juhu, sol, papar i ostale začine po želji. Nakon što juha prokuha, smanjite vatru i pustite da se kuha još nekoliko minuta. Bundevu treba dobro skuhati kako bi se stvorila glatka i kremasta tekstura. Na kraju, juhu izmiksajte štapnim mikserom dok ne postane potpuno glatka. Ako želite dodatnu kremoznost, možete dodati malo vrhnja za kuhanje ili kokosovo mlijeko.%%%1%%%500000%%%images/krem_juha_od_bundeve_stage1.jpg%%%31
kuhanjem%%%Nakon što ste smiksali juhu, vratite je na laganu vatru i kuhajte još nekoliko minuta kako bi se svi okusi upili. Po želji možete dodati još začina, poput muškatnog oraščića ili đumbira, kako biste dobili dublji okus. Juha bi trebala biti gusta i kremasta, s bogatim okusima bundeve i začina. U slučaju da je juha pregusta, možete dodati još malo povrtne juhe ili vode. Poslužite je s nekoliko kapi maslinovog ulja i prstohvatom svježeg peršina.%%%2%%%500000%%%images/krem_juha_od_bundeve_stage2.jpg%%%31
finalnim detaljima%%%Poslužite krem juhu od bundeve u zdjelicama, uz krišku tostiranog kruha ili krekere. Ova juha je savršen izbor za hladne zimske dane, jer je izuzetno zasitna i ugodna za tijelo. Kremasta tekstura i bogat okus bundeve učinit će ovu juhu omiljenim jelom za cijelu obitelj. Juha se može pripremiti unaprijed, a njezin okus bit će još bolji nakon što odstoji nekoliko sati.%%%3%%%500000%%%images/krem_juha_od_bundeve_stage3.jpg%%%31
pripremom%%%Za pripremu tjestenine s pesto umakom, prvo skuhajte tjesteninu u velikom loncu s posoljenom vodom dok ne postane al dente. Dok se tjestenina kuha, pripremite pesto. U blenderu pomiješajte svježi bosiljak, češnjak, pinjole (ili orahe), parmezan i maslinovo ulje. Sve dobro usitnite dok ne dobijete gustu pastu. Po želji, možete dodati malo limunovog soka za svježinu. Pesto umak treba biti gust, ali dovoljno tekuć za lakše miješanje s tjesteninom.%%%1%%%400000%%%images/tjestenina_s_pesto_umakom_stage1.jpg%%%32
kuhanjem%%%Kada je tjestenina kuhana, ocijedite je, ali sačuvajte malo vode u kojoj se kuhala. U velikoj tavi, zagrijte malo maslinovog ulja i dodajte pesto umak. Zatim dodajte kuhanu tjesteninu i sve dobro promiješajte. Ako je umak pregust, dodajte malo vode od kuhanja tjestenine da biste dobili željenu konzistenciju. Pesto umak treba ravnomjerno obložiti svaki komadić tjestenine. Pesto tjesteninu možete poslužiti odmah nakon miješanja, a možete je i dodatno posuti s parmezanom i svježim bosiljkom.%%%2%%%400000%%%images/tjestenina_s_pesto_umakom_stage2.jpg%%%32
finalnim detaljima%%%Poslužite tjesteninu s pesto umakom u dubokim tanjurima, posutoj dodatnim parmezanom i svježim bosiljkom. Ova jela je jednostavna, ali iznimno ukusna, a pesto daje intenzivan okus koji se odlično slaže s al dente kuhanom tjesteninom. Pesto tjestenina je idealan obrok za brzi ručak ili večeru, jer se priprema u samo nekoliko minuta. Ovaj recept možete prilagoditi dodajući povrće poput rajčica ili pečenih paprika.%%%3%%%400000%%%images/tjestenina_s_pesto_umakom_stage3.jpg%%%32
pripremom%%%Za pripremu lasanja, prvo pripremite umak od mesa. U velikoj tavi pržite nasjeckani luk i češnjak na maslinovom ulju. Dodajte mljeveno meso (govedinu ili svinjetinu) i pržite dok ne postane smeđe. Zatim dodajte nasjeckane rajčice, paradajz pire, začine poput origana, bazilike, soli i papra te kuhajte dok se umak ne zgusne. U drugoj tavi pripremite bešamel umak tako da otopite maslac, dodate brašno i miješate dok ne postane svijetlo zlatno, a zatim dodate mlijeko. Kuhajte dok se umak ne zgusne.%%%1%%%1200000%%%images/lazanje_stage1.jpg%%%33
kuhanjem%%%Kada su svi sastojci pripremljeni, počnite slagati lasanje. Na dno posude za pečenje stavite sloj umaka od mesa, zatim stavite sloj lasagna tjestenine, zatim sloj bešamela, i ponovite dok ne popunite posudu. Na vrhu završite s dodatnim slojem bešamela i naribanim sirom. Pecite lasanje u prethodno zagrejanoj pećnici na 180°C oko 40-45 minuta, dok ne postane zlatno smeđa i mjehurići ne počnu izlaziti sa strane. Lasanja bi trebala biti sočna i bogata okusima, a slojevi će biti dobro povezani.%%%2%%%1200000%%%images/lazanje_stage2.jpg%%%33
finalnim detaljima%%%Poslužite lasanje vruće, uz svježu salatu i komad kruha. Ovo je izdašno jelo koje može nahraniti veliku obitelj, a okusi će biti još bolji kada se ohladi i podgrije. Lasanja je izvrstan obrok za obiteljske proslave i blagdane, jer se može pripremiti unaprijed i uživati u njoj tijekom dana. Sloj savršenog mesa, kremastog bešamela i bogatog sira čine ovo jelo nezaboravnim.%%%3%%%1200000%%%images/lazanje_stage3.jpg%%%33
pripremom%%%Za pripremu gratiniranog krumpira, prvo ogulite i narežite krumpir na tanke ploške. Stavite ga u lonac s malo mlijeka, češnjakom, solju i paprom. Zagrijte mlijeko do vrenja i pustite da se krumpir kuha dok ne postane mekan. Zatim pripremite posudu za pečenje, na dno stavite sloj kuhanog krumpira, a zatim prelijte s malo vrhnja i pospite naribanim sirom. Ponavljajte dok ne potrošite sve sastojke.%%%1%%%900000%%%images/gratinirani_krumpir_stage1.jpg%%%34
kuhanjem%%%Nakon što ste složili krumpir u posudi za pečenje, stavite je u prethodno zagrejanu pećnicu na 180°C. Pecite oko 40-45 minuta dok gornji sloj ne postane zlatno smeđi i hrskav. Ako želite da bude još kremastije, možete dodati još vrhnja i sira na vrh prije pečenja.%%%2%%%900000%%%images/gratinirani_krumpir_stage2.jpg%%%34
finalnim detaljima%%%Poslužite gratinirani krumpir vruć, uz meso ili povrće po izboru. Ovaj prilog je izvrstan za obiteljske obroke i blagdane. Bogatstvo sira i kreme u kombinaciji s mekim krumpirom čine ga neodoljivim.%%%3%%%900000%%%images/gratinirani_krumpir_stage3.jpg%%%34
pripremom%%%Za bruschettu, prvo narežite kruh na tanke kriške i tostirajte ih u pećnici ili na tavi. Dok se kruh peče, pripremite nadjev. Pomiješajte nasjeckane rajčice, svježi bosiljak, maslinovo ulje, sol i papar u zdjeli. Dobro promiješajte sve sastojke dok ne dobijete bogat okus.%%%1%%%200000%%%images/bruschetta_stage1.jpg%%%35
kuhanjem%%%Kada su kriške kruha tostirane, stavite ih na tanjur i žlicom rasporedite pripremljeni nadjev na svaki komad. Ovaj brz i jednostavan recept daje svježinu rajčice i začinskog bilja u kombinaciji s hrskavim kruhom.%%%2%%%200000%%%images/bruschetta_stage2.jpg%%%35
finalnim detaljima%%%Poslužite bruschettu odmah nakon pripreme, dok je kruh još uvijek hrskav. Savršena je kao predjelo ili užina, a može se poslužiti uz različite umake ili dodatke po želji.%%%3%%%200000%%%images/bruschetta_stage3.jpg%%%35
pripremom%%%Za piletinu tikka masala, prvo pripremite marinadu za piletinu. Pomiješajte jogurt, začine poput curryja, garam masale, češnjaka, đumbira i limunovog soka. U ovoj marinadi ostavite pileće komade da se mariniraju najmanje sat vremena.%%%1%%%1000000%%%images/piletina_tikka_masala_stage1.jpg%%%36
kuhanjem%%%Nakon što je piletina dobro marinirana, pecite je u pećnici ili na tavi dok ne postane zlatno smeđa. Za pripremu umaka, u tavi zagrijte maslac, dodajte nasjeckani luk, češnjak, đumbir i začine te pržite dok ne postanu mirisni. Zatim dodajte rajčice i kuhajte dok se umak ne zgusne. Dodajte pileće komade u umak i kuhajte dok svi okusi ne prožmu meso.%%%2%%%1000000%%%images/piletina_tikka_masala_stage2.jpg%%%36
finalnim detaljima%%%Poslužite piletinu tikka masala s rižom ili naan kruhom. Ovaj jelo je bogato začinima i savršeno začinjeno, idealno za ljubitelje indijske kuhinje.%%%3%%%1000000%%%images/piletina_tikka_masala_stage3.jpg%%%36
pripremom%%%Za pripremu palente s gljivama, prvo skuhajte palentu prema uputama na pakiranju. Dok se palenta kuha, pripremite gljive. U tavi pržite gljive na maslinovom ulju, dodajte malo češnjaka, soli i papra. Kada su gljive mekane i zlatno smeđe, dodajte ih u skuhanu palentu.%%%1%%%600000%%%images/palenta_s_gljivama_stage1.jpg%%%37
kuhanjem%%%Pomiješajte gljive s palentom i dobro promiješajte. Dodajte malo parmezana ili sira po želji za dodatnu kremoznost. Kuhajte još nekoliko minuta da svi okusi prožmu palentu.%%%2%%%600000%%%images/palenta_s_gljivama_stage2.jpg%%%37
finalnim detaljima%%%Poslužite palentu s gljivama vruću, kao prilog uz meso ili kao samostalno jelo. Palenta je idealna za hladne dane i pruža ugodan okus, dok gljive dodaju duboku aromu.%%%3%%%600000%%%images/palenta_s_gljivama_stage3.jpg%%%37
pripremom%%%Za pripremu palačinki s Nutellom, prvo pripremite smjesu za palačinke tako da pomiješate brašno, mlijeko, jaja i prstohvat soli u glatku smjesu. Na srednje jakoj vatri, pržite palačinke na tavi s malo maslaca dok ne postanu zlatno smeđe s obje strane.%%%1%%%300000%%%images/palačinke_s_nutellom_stage1.jpg%%%38
kuhanjem%%%Kada su palačinke gotove, stavite ih na tanjur i premažite svaku palačinku s Nutellom. Pomoću žlice ili noža ravnomjerno rasporedite Nutellu po cijeloj površini palačinke.%%%2%%%300000%%%images/palačinke_s_nutellom_stage2.jpg%%%38
finalnim detaljima%%%Poslužite palačinke s Nutellom odmah, posute s malo prah šećera ili s voćem po želji. Ovaj desert je omiljen među svim uzrastima i pruža savršen završetak svakog obroka.%%%3%%%300000%%%images/palačinke_s_nutellom_stage3.jpg%%%38
pripremom%%%Za rižoto s plodovima mora, prvo pripremite temeljac od povrća ili ribe koji ćete kasnije dodavati u rižu. U velikoj tavi zagrijte malo maslinovog ulja i pržite sitno nasjeckani luk i češnjak dok ne postanu mekani. Zatim dodajte rižu i pržite je kratko, miješajući.%%%1%%%800000%%%images/rižoto_s_plodovima_mora_stage1.jpg%%%39
kuhanjem%%%Postupno dodajte temeljac u rižu, po jednu kutlaču, stalno miješajući, sve dok riža ne upije tekućinu. Kada je riža skoro gotova, u tavu dodajte plodove mora (škampe, dagnje, lignje) i nastavite kuhati dok plodovi mora ne postanu kuhani. Po potrebi dodajte još temeljca.%%%2%%%800000%%%images/rižoto_s_plodovima_mora_stage2.jpg%%%39
finalnim detaljima%%%Kad je rižoto gotov, pospite ga s malo svježe nasjeckanog peršina i poslužite vruće. Rižoto s plodovima mora savršen je obrok za ljubitelje morskih plodova i pruža bogatstvo okusa.%%%3%%%800000%%%images/rižoto_s_plodovima_mora_stage3.jpg%%%39
pripremom%%%Za biftek s povrćem, prvo pripremite povrće po želji (krumpir, mrkva, paprika) i narežite ga na manje komade. Na tavi ili u pećnici ispecite povrće s malo maslinovog ulja, soli, papra i začina po izboru. Za biftek, pripremite meso, posolite i popaprite ga s obje strane.%%%1%%%600000%%%images/biftek_s_povrćem_stage1.jpg%%%40
kuhanjem%%%Biftek pecite na jakoj vatri nekoliko minuta s obje strane, ovisno o željenoj razini pečenosti. Povrće dovršite pečenjem u pećnici dok ne postane mekano i lagano hrskavo. Za dodatnu aromu, možete povrće preliti maslacem s začinskim biljem.%%%2%%%600000%%%images/biftek_s_povrćem_stage2.jpg%%%40
finalnim detaljima%%%Poslužite biftek uz pečeno povrće, a možete dodati i umak po želji, poput umaka od crnog vina ili maslaca s peršinom. Ovo jelo je savršeno za specijalne prilike.%%%3%%%600000%%%images/biftek_s_povrćem_stage3.jpg%%%40
pripremom%%%Za gratinirane tikvice, prvo operite i narežite tikvice na tanke ploške. Stavite ih u posudu za pečenje i pospite s malo maslinovog ulja, soli, papra i suhog origana. Zatim prelijte tikvice s malo vrhnja i pospite naribanim sirom.%%%1%%%400000%%%images/gratinirane_tikvice_stage1.jpg%%%41
kuhanjem%%%Stavite posudu u prethodno zagrejanu pećnicu na 180°C i pecite oko 30-35 minuta dok gornji sloj ne postane zlatno smeđi i hrskav. Gratinirane tikvice možete poslužiti uz pečeno meso ili kao lagani obrok.%%%2%%%400000%%%images/gratinirane_tikvice_stage2.jpg%%%41
finalnim detaljima%%%Poslužite gratinirane tikvice tople, idealno uz rižu ili svježu salatu. Ovo je lagano i zdravo jelo koje je jednostavno za pripremu i daje bogat okus povrća.%%%3%%%400000%%%images/gratinirane_tikvice_stage3.jpg%%%41
pripremom%%%Za baklavu, prvo pripremite filu sjeckanih oraha i šećera. Razvucite prve dvije kore za baklavu u posudu za pečenje, premazujte ih s malo otopljenog maslaca, a zatim rasporedite filu na sredinu. Ponavljajte slojeve dok ne iskoristite sve kore i orahe.%%%1%%%1200000%%%images/baklava_stage1.jpg%%%42
kuhanjem%%%Pecite baklavu u prethodno zagrejanoj pećnici na 180°C oko 40-45 minuta, dok ne postane zlatno smeđa i hrskava. Za sirup, pomiješajte šećer, vodu i limunov sok i kuhajte dok ne postane gust.%%%2%%%1200000%%%images/baklava_stage2.jpg%%%42
finalnim detaljima%%%Kada je baklava pečena, izvadite je iz pećnice i odmah prelijte vrućim sirupom. Ostavite da odstoji nekoliko sati kako bi sirup upio i baklava postala mekana. Poslužite hladnu i uživajte u ovoj slatkoj deliciji.%%%3%%%1200000%%%images/baklava_stage3.jpg%%%42
pripremom%%%Za čokoladni kolač, prvo pripremite sve sastojke. U velikoj zdjeli pomiješajte brašno, kakao prah, prašak za pecivo i sol. U drugoj zdjeli, miksajte jaja, šećer i vanilin šećer dok ne postanu pjenasti, a zatim dodajte otopljeni maslac i mlijeko. Dodajte mokre sastojke u suhe i dobro promiješajte.%%%1%%%800000%%%images/čokoladni_kolač_stage1.jpg%%%43
kuhanjem%%%Izlijte smjesu u prethodno pripremljeni kalup i pecite u pećnici zagrijanoj na 180°C oko 30-35 minuta, ili dok čačkalica ne izađe suha. Nakon što se kolač ohladi, pripremite glazuru od čokolade i maslaca. Prelijte glazuru po kolaču i ostavite da se stvrdne.%%%2%%%800000%%%images/čokoladni_kolač_stage2.jpg%%%43
finalnim detaljima%%%Poslužite čokoladni kolač ohlađen, uz šlag ili kuglicu sladoleda. Ovaj kolač je bogat, sočan i savršen za ljubitelje čokolade.%%%3%%%800000%%%images/čokoladni_kolač_stage3.jpg%%%43
pripremom%%%Za gulaš, prvo na malo ulja popržite sitno sjeckani luk i češnjak dok ne postanu staklasti. Dodajte meso (govedinu ili svinjetinu) narezano na kockice i pržite dok ne dobije lijepu boju. Zatim dodajte papriku u prahu, sol, papar i lovorov list.%%%1%%%1800000%%%images/gulaš_stage1.jpg%%%44
kuhanjem%%%Prelijte meso s malo temeljca ili vode i kuhajte na laganoj vatri 1-2 sata, povremeno dolijevajući tekućinu. Dodajte povrće po izboru (krumpir, mrkva, paprika) i nastavite kuhati dok meso ne postane mekano, a povrće skuhano.%%%2%%%1800000%%%images/gulaš_stage2.jpg%%%44
finalnim detaljima%%%Poslužite gulaš vruć, uz krišku svježeg kruha ili kuhanog riže. Ovo je jelo koje oduvijek grije srca i pruža bogatstvo okusa.%%%3%%%1800000%%%images/gulaš_stage3.jpg%%%44
pripremom%%%Za punjene tikvice, prvo operite tikvice, prerežite ih na pola i izvadite sredinu. U tavi, pržite sitno nasjeckani luk, češnjak, rajčicu i sjeckano povrće dok ne omekšaju. Dodajte rižu i povrće po izboru, te začine po ukusu.%%%1%%%700000%%%images/punjene_tikvice_stage1.jpg%%%45
kuhanjem%%%Punite tikvice pripremljenom smjesom i stavite ih u vatrostalnu posudu. Pokapajte s malo maslinovog ulja i prelijte rajčicom. Pokrijte aluminijskom folijom i pecite u pećnici na 180°C oko 40 minuta.%%%2%%%700000%%%images/punjene_tikvice_stage2.jpg%%%45
finalnim detaljima%%%Poslužite punjene tikvice tople, uz jogurt ili salatu po izboru. Ovo je zdravo i ukusno jelo koje se lako priprema.%%%3%%%700000%%%images/punjene_tikvice_stage3.jpg%%%45
pripremom%%%Za povrtnu musaku, prvo operite i ogulite povrće: krumpir, tikvice, patlidžan i rajčicu. Povrće narežite na tanke ploške. U tavi popržite sitno nasjeckani luk i češnjak, zatim dodajte sitno sjeckane rajčice i začine po izboru. U drugoj tavi, na malo ulja, pržite povrće dok ne omekša.%%%1%%%1000000%%%images/povrtna_musaka_stage1.jpg%%%46
kuhanjem%%%U vatrostalnu posudu složite slojeve povrća, naizmjenično sa smjesom od rajčica i začina. Prelijte sve sa umućenim jajima i mlijekom. Pecite u prethodno zagrijanoj pećnici na 180°C oko 40-45 minuta, dok musaka ne postane zlatno smeđa.%%%2%%%1000000%%%images/povrtna_musaka_stage2.jpg%%%46
finalnim detaljima%%%Poslužite povrtnu musaku toplu, uz jogurt ili salatu po izboru. Ovo je lagano i zdravo jelo koje pruža bogatstvo okusa.%%%3%%%1000000%%%images/povrtna_musaka_stage3.jpg%%%46
pripremom%%%Za juhu od rajčice, prvo operite rajčice i ogulite ih. U velikoj tavi na malo ulja popržite nasjeckani luk i češnjak, dok ne postanu staklasti. Zatim dodajte rajčice, temeljac i začine. Pustite da kuha oko 30 minuta.%%%1%%%400000%%%images/juha_od_rajčice_stage1.jpg%%%47
kuhanjem%%%Kada se rajčice skuhaju, sve dobro izblendajte do glatke teksture. Ako želite, možete procijediti juhu da biste dobili još finiju konzistenciju. Vratite juhu na vatru, dodajte malo vrhnja za kuhanje i pustite da se kuha još 10 minuta.%%%2%%%400000%%%images/juha_od_rajčice_stage2.jpg%%%47
finalnim detaljima%%%Poslužite juhu od rajčice vruću, uz pržene kruhčiće ili kriške svježeg kruha. Ovo je jednostavna, ali ukusna juha koja je idealna za svježe i hladne dane.%%%3%%%400000%%%images/juha_od_rajčice_stage3.jpg%%%47
pripremom%%%Za quesadillu, prvo na tavi zagrijte malo maslinovog ulja. Stavite tortilje na tavu, prelijte s malo rendanog sira, povrćem po izboru (paprika, luk, rajčica) i, po želji, mesom (pileće meso, govedina). Preklopite tortilje i pržite ih s obje strane dok ne postanu zlatno smeđe.%%%1%%%300000%%%images/quesadilla_stage1.jpg%%%48
kuhanjem%%%Kada se quesadilla isprži, izvadite je iz tave i narežite na trokute. Ako želite, možete dodati guacamole, kiselo vrhnje ili salsa sos za dodatni okus.%%%2%%%300000%%%images/quesadilla_stage2.jpg%%%48
finalnim detaljima%%%Poslužite quesadillu toplo, uz priloge po želji. Ovo je jednostavan, brz obrok koji je ukusan i zadovoljavajuć.%%%3%%%300000%%%images/quesadilla_stage3.jpg%%%48
pripremom%%%Za čobanac, prvo pripremite meso. Uglavnom se koristi govedina i svinjetina, koje treba narezati na kockice. Na velikoj tavi ili u kotliću, pržite luk i češnjak dok ne postanu staklasti, a zatim dodajte meso. Pržite meso dok ne postane smeđe sa svih strana. Dodajte začine poput crvene paprike, timijana, i lovorovog lista.%%%1%%%2400000%%%images/čobanac_stage1.jpg%%%49
kuhanjem%%%Kada je meso dobro isprženo, dodajte malo vode i pustite da kuha na srednje laganoj vatri. Povremeno dolijevajte vodu, a kuhanje neka traje najmanje 2 do 3 sata. Po potrebi, možete dodati i povrće poput mrkve i krumpira.%%%2%%%2400000%%%images/čobanac_stage2.jpg%%%49
finalnim detaljima%%%Čobanac poslužite vruć, uz domaći kruh ili mlince. Ovo jelo je savršeno za obiteljska okupljanja ili duge zimske večeri.%%%3%%%2400000%%%images/čobanac_stage3.jpg%%%49
pripremom%%%Za kroketi, prvo skuhajte krumpir, ogulite ga i izgnječite u pire. U pire dodajte malo maslaca, mlijeka, soli i papra. Kada se smjesa ohladi, oblikujte male kuglice. U svakoj kuglici napravite udubljenje, koje možete napuniti sirom, mesom ili povrćem.%%%1%%%600000%%%images/kroketi_stage1.jpg%%%50
kuhanjem%%%Kroketi se zatim uvaljaju u brašno, jaja i krušne mrvice, a potom prže u dubokom ulju dok ne postanu zlatno smeđi i hrskavi. Pazite da temperatura ulja bude dovoljno visoka da kroketi ne popiju previše masnoće.%%%2%%%600000%%%images/kroketi_stage2.jpg%%%50
finalnim detaljima%%%Kroketi se poslužuju topli, uz umak po izboru, poput umaka od jogurta ili kečapa. Ovo je odličan snack ili prilog za razna jela.%%%3%%%600000%%%images/kroketi_stage3.jpg%%%50